{
  "ecole-internationale-le-flamboyant": [
    11.5160832,
    3.8935361
  ],
  "letoile-french-school": [
    -122.6789722,
    45.4709521
  ],
  "ecole-bilingue": [
    -0.1765432,
    51.5212753
  ],
  "lycee-des-mascareignes": [
    57.5243814,
    -20.2269548
  ],
  "ecole-francaise-de-boston": [
    -100.445882,
    39.7837304
  ],
  "lycee-francais-jacques-prevert": [
    -17.01311,
    14.4438643
  ],
  "lycee-francais-international-jean-charcot": [
    -8.49884,
    33.2433309
  ],
  "ecole-boule-et-billes": [
    106.7021047,
    10.7755254
  ],
  "lycee-les-meharees": [
    -15.9780071,
    18.0792379
  ],
  "lycee-francais-de-castilla-y-leon": [
    -4.7214793,
    41.5900084
  ],
  "lycee-francais-international-de-chennai": [
    80.270186,
    13.0836939
  ],
  "lycee-francais-dominique-savio": [
    9.7062018,
    4.0429389
  ],
  "ecole-aloys-kobes": [
    -17.4349877,
    14.6757062
  ],
  "ecole-jean-racine": [
    9.400138,
    33.8439408
  ],
  "lycee-descartes": [
    -6.8449007,
    33.9899163
  ],
  "ecole-maternelle-francaise-pomme-dapi": [
    -3.703507,
    40.416782
  ],
  "lycee-francais-dagadir": [
    -9.5838532,
    30.4205162
  ],
  "ecole-francaise-ferdinand-de-lesseps": [
    2.177073,
    41.3825802
  ],
  "lycee-stendhal": [
    9.1382381,
    45.4777209
  ],
  "ecole-francaise-internationale-de-berne": [
    7.4465767,
    46.935797
  ],
  "college-du-sacre-coeur-freres-gemmayze": [
    35.5025585,
    33.8892265
  ],
  "ecole-zahrat-el-ihsan": [
    35.5181549,
    33.8890011
  ],
  "lycee-francais-international-louis-massignon": [
    -7.6541234,
    33.5961904
  ],
  "ecole-maternelle-internationale-acacia-de-phnom-penh": [
    104.857807,
    11.5730391
  ],
  "lycee-francais-international-de-bangkok": [
    100.6018563,
    13.7703036
  ],
  "lycee-francais-bonaparte": [
    51.5214286,
    25.3265041
  ],
  "ecole-claude-bernard": [
    -7.6200284,
    33.5945144
  ],
  "lycee-frederic-mistral": [
    -71.2519575,
    -29.902705
  ],
  "college-notre-dame-de-jamhour": [
    35.569577,
    33.828245
  ],
  "ecole-franco-americaine-de-miami-efam": [
    -80.1935973,
    25.7741566
  ],
  "ecole-paul-riquet": [
    -2.9281198,
    35.1739922
  ],
  "groupe-scolaire-sandrineo": [
    -1.916203,
    34.7184309
  ],
  "ecole-francaise-de-naples-alexandre-dumas-annexe-du-lycee-chateaubriand-de-rome": [
    14.2487679,
    40.8358846
  ],
  "lycee-francais-international-victor-hugo-0": [
    10.8861888,
    33.7735976
  ],
  "lycee-francais-de-bilbao": [
    -2.8741703,
    43.2894718
  ],
  "ecole-primaire-francaise-charles-baudelaire": [
    48.451686,
    -13.6715838
  ],
  "groupe-scolaire-jacques-majorelle-osui-et-son-annexe-de-benguerir": [
    -7.9891608,
    31.6258257
  ],
  "saints-coeurs-kfardebiane": [
    35.77662,
    33.9833206
  ],
  "lou-pichoun-french-kindergarten": [
    114.1857978,
    22.3492155
  ],
  "ecole-francaise-du-caucase": [
    44.7485275,
    41.7102583
  ],
  "ecole-internationale-de-sfax": [
    10.7604024,
    34.7394361
  ],
  "kennedy-international-school": [
    -73.9724049,
    40.7510355
  ],
  "lycee-francais-blaise-pascal": [
    -3.9518271,
    5.3512387
  ],
  "ecole-primaire-francaise-ampefiloha": [
    47.5170925,
    -18.9132011
  ],
  "ecole-de-fontvieille": [
    7.4177435,
    43.7269795
  ],
  "ecole-stella": [
    7.4276832,
    43.7323492
  ],
  "lycee-francais-international-de-zurich": [
    8.5971756,
    47.3959196
  ],
  "ecole-franco-americaine-de-san-diego": [
    -117.2311247,
    32.8792438
  ],
  "ecole-publique-conventionnee-de-port-gentil": [
    8.7787919,
    -0.7151966
  ],
  "college-lycee-de-la-salle": [
    31.2357257,
    30.0443879
  ],
  "college-des-peres-antonins": [
    35.4978223,
    33.8312188
  ],
  "lycee-francais-international-charles-de-gaulle-de-pekin": [
    116.5228047,
    40.0246008
  ],
  "ecole-des-cadres-de-nouakchott": [
    -15.9780071,
    18.0792379
  ],
  "college-international-francais-de-sarajevo": [
    18.4126147,
    43.8570713
  ],
  "international-french-school-amsterdam": [
    4.8537784,
    52.3515104
  ],
  "college-stanislas-annexe-de-quebec": [
    -66.5179503,
    49.0963214
  ],
  "lycee-francais-de-santa-cruz": [
    -63.1820853,
    -17.7834217
  ],
  "lycee-international-francais-de-sao-paulo": [
    -46.6333824,
    -23.5506507
  ],
  "ecole-francaise-pierre-et-marie-curie": [
    8.694724,
    49.4093582
  ],
  "lycee-international-francais-saint-exupery-de-brazzaville": [
    15.2712256,
    -4.2694407
  ],
  "liceo-frances-louis-godin": [
    -79.0041726,
    -2.8974072
  ],
  "lecole-francaise-internationale-de-boca-raton-le-petit-prince": [
    -80.0830984,
    26.3586885
  ],
  "french-american-school-princeton": [
    -74.6597376,
    40.3496953
  ],
  "french-school-jakarta-fsj-lycee-francais-de-jakarta-ex-lycee-francais-louis-charles": [
    106.827168,
    -6.1754049
  ],
  "ecole-saint-exupery": [
    -17.447938,
    14.693425
  ],
  "ecole-du-nord": [
    57.6129376,
    -20.0726616
  ],
  "lycee-francais-jean-mermoz": [
    55.289585,
    25.2296341
  ],
  "ecole-bird": [
    47.5456293,
    -18.9314688
  ],
  "fondation-bouebdelli-ecole-louis-pasteur-gammarth": [
    10.327678,
    36.8790882
  ],
  "ecole-elementaire-franco-allemande-de-stuttgart-sillenbuch": [
    9.2175414,
    48.741229
  ],
  "lycee-francais-international-moliere": [
    -3.9900911,
    40.4472855
  ],
  "ecole-francaise-internationale-de-bratislava": [
    17.1320568,
    48.1198223
  ],
  "groupe-scolaire-la-petite-academy": [
    -8.000337,
    12.649319
  ],
  "lycee-franco-bolivien-alcide-dorbigny": [
    -68.1336229,
    -16.4955455
  ],
  "ecole-internationale-de-tunis-eit": [
    9.400138,
    33.8439408
  ],
  "lycee-francais-alexandre-yersin": [
    105.8229275,
    21.0290956
  ],
  "ecole-francaise-de-detroit": [
    -83.2916006,
    42.6077469
  ],
  "ecole-theophile-gautier": [
    -7.643575,
    33.5850934
  ],
  "ecole-les-lutins": [
    -7.9372165,
    12.6489016
  ],
  "le-lycee-francais-de-san-diego": [
    -117.162772,
    32.7174202
  ],
  "lecole-ecole-internationale-francaise-de-raleigh": [
    -78.6390989,
    35.7803977
  ],
  "ecole-publique-conventionnee-dowendo": [
    9.4418849,
    0.4086518
  ],
  "lycee-francais-saint-exupery": [
    -1.5270944,
    12.3681873
  ],
  "lycee-francais-international-de-ramallah": [
    35.1924223,
    31.8978012
  ],
  "ecole-internationale-victor-hugo": [
    10.8861888,
    33.7735976
  ],
  "ecole-francaise-dhurghada": [
    33.8307062,
    27.222556
  ],
  "lycee-francais-leon-lafricain-de-rabat": [
    -6.8408929,
    34.0218454
  ],
  "ecole-ernest-renan": [
    -7.6394752,
    33.5628016
  ],
  "lycee-francais-jules-verne-et-son-annexe-de-pretoria": [
    28.049722,
    -26.205
  ],
  "santa-rosa-french-american-charter-school": [
    -122.6971501,
    38.4408884
  ],
  "international-school-greenville": [
    -82.3984882,
    34.851354
  ],
  "lycee-franco-allemand-de-fribourg": [
    7.8730262,
    47.9902046
  ],
  "lycee-franco-libanais-alphonse-de-lamartine": [
    35.8348551,
    34.4373616
  ],
  "lycee-francais-leon-lafricain-annexe-domaines-danfa": [
    -7.6200284,
    33.5945144
  ],
  "le-college-bilingue": [
    -17.4686618,
    14.7132666
  ],
  "ecole-internationale-de-carthage-eic-isc-carthage": [
    9.400138,
    33.8439408
  ],
  "lycee-international-xavier": [
    126.9560707,
    37.6107863
  ],
  "lycee-franco-peruvien": [
    -77.0305912,
    -12.0459808
  ],
  "lycee-franco-equatorien-la-condamine": [
    -78.5123274,
    -0.2201641
  ],
  "lycee-international-de-boston": [
    -71.1468613,
    42.3977629
  ],
  "ecole-francaise-internationale-de-dacca": [
    90.3890144,
    23.7643863
  ],
  "lycee-francais-international-marguerite-duras": [
    106.8242165,
    10.8702765
  ],
  "academie-royale": [
    15.0626899,
    12.0939735
  ],
  "ecole-de-lalliance-francaise-dantsahabe": [
    47.5336155,
    -18.9150569
  ],