{
  "ecole-internationale-le-flamboyant": [
    11.5160832,
    3.8935361
  ],
  "letoile-french-school": [
    -122.6789722,
    45.4709521
  ],
  "ecole-bilingue": [
    -0.1765432,
    51.5212753
  ],
  "lycee-des-mascareignes": [
    57.5243814,
    -20.2269548
  ],
  "ecole-francaise-de-boston": [
    -100.445882,
    39.7837304
  ],
  "lycee-francais-jacques-prevert": [
    -17.01311,
    14.4438643
  ],
  "lycee-francais-international-jean-charcot": [
    -8.49884,
    33.2433309
  ],
  "ecole-boule-et-billes": [
    106.7021047,
    10.7755254
  ],
  "lycee-les-meharees": [
    -15.9780071,
    18.0792379
  ],
  "lycee-francais-de-castilla-y-leon": [
    -4.7214793,
    41.5900084
  ]
}