{
  "ecole-internationale-le-flamboyant": [
    11.5160832,
    3.8935361
  ],
  "letoile-french-school": [
    -122.6789722,
    45.4709521
  ],
  "ecole-bilingue": [
    -0.1765432,
    51.5212753
  ],
  "lycee-des-mascareignes": [
    57.5243814,
    -20.2269548
  ],
  "ecole-francaise-de-boston": [
    -100.445882,
    39.7837304
  ]
}